Metric,Value
Accuracy,0.9794810452705189
Precision,0.9528783726605583
Recall,0.9414798861324898
F1,0.9460771149216636
