Metric,Value
Accuracy,0.9888663967611336
Precision,0.9766688168007526
Recall,0.9800972429263408
F1,0.9783419786443746
