Metric,Value
Accuracy,0.979297018770703
Precision,0.9634272718543931
Recall,0.9433223958075659
F1,0.9515950914726746
