accuracy,macro_f1,n_train,n_test
0.999914675767918,0.9999146757672969,46876,11720
